{"schemaVersion":"1.0","appDefinitionTemplate":{"id":"/providers/Microsoft.PowerApps/apps/","type":"Microsoft.PowerApps/apps","tags":{"primaryDeviceWidth":"640","primaryDeviceHeight":"1136","supportsPortrait":"true","supportsLandscape":"true","primaryFormFactor":"Phone","showStatusBar":"false","publisherVersion":"3.25042.10","minimumRequiredApiVersion":"2.2.0","hasComponent":"false","hasUnlockedComponent":"false","isUnifiedRootApp":"false","sienaVersion":"20250430T204717Z-3.25042.10.0"},"properties":{"appVersion":"2025-04-30T20:47:17Z","lifeCycleId":"Published","createdByClientVersion":{"major":3,"minor":25042,"build":10,"revision":0,"majorRevision":0,"minorRevision":0},"minClientVersion":{"major":3,"minor":25042,"build":10,"revision":0,"majorRevision":0,"minorRevision":0},"backgroundColor":"RGBA(0,176,240,1)","backgroundImageUri":"/1592296923558007697/Nb62ee395-35b7-4554-a246-e654b0b9539b-logoSmallFile","displayName":"Brew & Gold Coffee Corner","description":"THIS IS EXPERIMENTAL(IN PROGRESS BUILDING)","commitMessage":"","appUris":{"documentUri":{"value":"/1592296923558007697/Nace59d97-8e18-486b-a683-95eb401ac18f-document.msapp"},"imageUris":[],"additionalUris":[{"isSolutionAware":false,"value":"/1592296923558007697/N66569ccd-344e-4581-89ce-694f981306a6-identity.json"}]},"createdTime":"0001-01-01T00:00:00Z","lastModifiedTime":"0001-01-01T00:00:00Z","sharedGroupsCount":0,"sharedUsersCount":0,"connectionReferences":{"85d3ffb1-2fd4-4a20-bc09-f91624e422b1":{"id":"b1390eb7-8141-4c4f-bf2d-098d83ea67fb","displayName":"Excel Online (Business)","iconUri":"https://conn-afd-prod-endpoint-bmc9bqahasf3grgk.b01.azurefd.net/releases/v1.0.1718/1.0.1718.3946/excelonlinebusiness/icon.png","dataSources":["Password"],"dependencies":[],"dependents":[],"parameterHints":{},"parameterHintsV2":{},"isOnPremiseConnection":false,"bypassConsent":false,"dataSets":{"groups%252Fb471a176-cdb1-44f9-84f5-c3804116244a,b%25219Kc6HMivukuglmnbIp0qUoiXtIAE4_RKv1I2bbButRb-kBZaABIRT6LKOK9yDxHB,01CR3JBHYNEN4KQ22IXZAJS74EZCIK37VA":{"dataSources":{"Password":{"tableName":"{FEE824AB-B8EE-41EA-9963-715C76179B63}"}}}},"apiTier":"Standard","isCustomApiConnection":false,"actions":["providers/PowerPlatform.Governance/Operations/Read"]},"b4891334-75f5-42b4-a724-0f98c8db1c05":{"id":"e93c746f-b7f5-4a22-a785-11ab1bf5c92b","displayName":"Excel","iconUri":"https://conn-afd-prod-endpoint-bmc9bqahasf3grgk.b01.azurefd.net/releases/v1.0.1718/1.0.1718.3944/excel/icon.png","dataSources":["Drinks","Soda","Additionals","Time","Coffee_1","AdditionalsCoffee","Flavors","Orders","OrderComplete","Ingredients"],"dependencies":["27e0daa3-26f4-4cb4-9843-574651179ee5"],"dependents":[],"parameterHints":{"27e0daa3-26f4-4cb4-9843-574651179ee5":{"value":"fileSource"}},"parameterHintsV2":{"fileSource":{"value":"27e0daa3-26f4-4cb4-9843-574651179ee5"}},"isOnPremiseConnection":false,"bypassConsent":false,"dataSets":{"b!zu8v7MOUZU6sD0xvE0x6L3nnAHX9Aq1CrjO8Pa14uibGgP5uXjdhSrE3b9HzvvI0.01W6CIJR4OPZKF65XTEJFJKMNAUQF7ZTR6":{"dataSources":{"Drinks":{"tableName":"Drinks"},"Soda":{"tableName":"Soda"},"Additionals":{"tableName":"Additionals"},"Time":{"tableName":"Time"},"Coffee_1":{"tableName":"Coffee"},"AdditionalsCoffee":{"tableName":"AdditionalsCoffee"},"Flavors":{"tableName":"Flavors"},"Orders":{"tableName":"Orders"},"OrderComplete":{"tableName":"OrderComplete"},"Ingredients":{"tableName":"Ingredients"}}}},"apiTier":"Standard","isCustomApiConnection":false,"actions":["providers/PowerPlatform.Governance/Operations/Read","providers/PowerPlatform.Governance/Operations/Write","providers/PowerPlatform.Governance/Operations/Delete"]},"27e0daa3-26f4-4cb4-9843-574651179ee5":{"id":"190a5196-f9ed-4d6b-9583-253509a7d81b","displayName":"OneDrive for Business","iconUri":"https://conn-afd-prod-endpoint-bmc9bqahasf3grgk.b01.azurefd.net/releases/v1.0.1732/1.0.1732.4070/onedriveforbusiness/icon.png","dataSources":[],"dependencies":[],"dependents":["b4891334-75f5-42b4-a724-0f98c8db1c05"],"parameterHints":{},"parameterHintsV2":{},"isOnPremiseConnection":false,"bypassConsent":false,"dataSets":{},"apiTier":"Standard","isCustomApiConnection":false}},"databaseReferences":{},"almMode":"Environment","performanceOptimizationEnabled":true,"canConsumeAppPass":false,"enableModernRuntimeMode":false,"executionRestrictions":{"isTeamsOnly":false,"dataLossPreventionEvaluationResult":{"status":"Compliant","lastEvaluationDate":"2025-03-23T21:32:43.408155Z","violations":[],"violationsByPolicy":[],"violationErrorMessage":"The app uses the following connectors: ."}}},"isAppComponentLibrary":false,"appType":"ClassicCanvasApp","appComponents":[]}}